{
  "version": 2,
  "builds": [
    { "src": "api/*.js", "use": "@vercel/node" },
    { "src": "package.json", "use": "@vercel/static-build", "config": { "distDir": "build" } }
  ],
  "routes": [
    { "src": "/api/(.*)", "dest": "/api/$1" },
    { "src": "^/static/(.*)", "dest": "/static/$1" },
    { "src": "^/favicon.ico", "dest": "/favicon.ico" },
    { "src": "^/manifest.json", "dest": "/manifest.json" },
    { "src": "^/asset-manifest.json", "dest": "/asset-manifest.json" },
    { "src": "^/(.*).png", "dest": "/$1.png" },
    { "src": "^/(.*)", "dest": "/index.html" }
  ]
}
